group,prob
path_day_36_foreignpolicy,0.144697299595541
path_day_36_economy,0.304183341376026
path_day_36_crime,0.248167589846932
path_day_36_horserace,0.302951769181501
