group,prob
path_day_27_foreignpolicy,0.066936011254486
path_day_27_economy,0.396713744473323
path_day_27_crime,0.225339552059967
path_day_27_horserace,0.311010692212224
