group,prob
path_day_169_foreignpolicy,0.109167244823279
path_day_169_economy,0.267732456061611
path_day_169_crime,0.2499758848941
path_day_169_horserace,0.373124414221009
