group,prob
path_day_31_foreignpolicy,0.0729382758642707
path_day_31_economy,0.359073652410061
path_day_31_crime,0.139334815356904
path_day_31_horserace,0.428653256368765
