group,prob
path_day_118_foreignpolicy,0.396125476666544
path_day_118_economy,0.279211555157186
path_day_118_crime,0.11996769905309
path_day_118_horserace,0.204695269123179
