group,prob
path_day_140_foreignpolicy,0.0963813045894155
path_day_140_economy,0.269159326632572
path_day_140_crime,0.537207686525082
path_day_140_horserace,0.0972516822529305
