group,prob
path_day_65_foreignpolicy,0.0530355096790461
path_day_65_economy,0.188089069198323
path_day_65_crime,0.179850907304832
path_day_65_horserace,0.579024513817799
