group,prob
path_day_104_foreignpolicy,0.21256678769373
path_day_104_economy,0.0912498909986894
path_day_104_crime,0.0862645819551134
path_day_104_horserace,0.609918739352468
