group,prob
path_day_44_foreignpolicy,0.0869709930685846
path_day_44_economy,0.191670691696406
path_day_44_crime,0.286981361776653
path_day_44_horserace,0.434376953458357
