group,prob
path_day_28_foreignpolicy,0.0492088065693663
path_day_28_economy,0.33766552895371
path_day_28_crime,0.249809632435367
path_day_28_horserace,0.363316032041557
