group,prob
path_day_49_foreignpolicy,0.0321554039829073
path_day_49_economy,0.303560550302237
path_day_49_crime,0.111287610677477
path_day_49_horserace,0.552996435037379
