group,prob
path_day_53_foreignpolicy,0.112317464934786
path_day_53_economy,0.246038038110012
path_day_53_crime,0.17396991350071
path_day_53_horserace,0.467674583454493
