group,prob
path_day_131_foreignpolicy,0.172414759732606
path_day_131_economy,0.412187748895039
path_day_131_crime,0.165024002372605
path_day_131_horserace,0.25037348899975
