group,prob
path_day_142_foreignpolicy,0.140617745702774
path_day_142_economy,0.3442114738588
path_day_142_crime,0.314917066854674
path_day_142_horserace,0.200253713583752
