group,prob
path_day_50_foreignpolicy,0.0403189445365372
path_day_50_economy,0.309773832856852
path_day_50_crime,0.135476094578887
path_day_50_horserace,0.514431128027723
