group,prob
path_day_143_foreignpolicy,0.118790965613207
path_day_143_economy,0.373369081316858
path_day_143_crime,0.351056644220748
path_day_143_horserace,0.156783308849187
