group,prob
path_day_138_foreignpolicy,0.0165807276077918
path_day_138_economy,0.021903812504419
path_day_138_crime,0.930137705545137
path_day_138_horserace,0.0313777543426525
