group,prob
path_day_70_foreignpolicy,0.27054462474838
path_day_70_economy,0.222431785352264
path_day_70_crime,0.129956020724257
path_day_70_horserace,0.377067569175098
