group,prob
path_day_19_foreignpolicy,0.024244383040171
path_day_19_economy,0.436781709429065
path_day_19_crime,0.32629370750177
path_day_19_horserace,0.212680200028994
