group,prob
path_day_127_foreignpolicy,0.234158544136734
path_day_127_economy,0.336283590354918
path_day_127_crime,0.185311036097351
path_day_127_horserace,0.244246829410998
