group,prob
path_day_109_foreignpolicy,0.0349717281318846
path_day_109_economy,0.0947409847115331
path_day_109_crime,0.0431534022822868
path_day_109_horserace,0.827133884874296
