group,prob
path_day_164_foreignpolicy,0.118044219528777
path_day_164_economy,0.159930343859752
path_day_164_crime,0.161451847528893
path_day_164_horserace,0.560573589082579
