group,prob
path_day_41_foreignpolicy,0.118509851186336
path_day_41_economy,0.249736198441625
path_day_41_crime,0.253850416241323
path_day_41_horserace,0.377903534130716
