group,prob
path_day_55_foreignpolicy,0.0826175189778028
path_day_55_economy,0.187154563577549
path_day_55_crime,0.18894036792733
path_day_55_horserace,0.541287549517318
