group,prob
path_day_120_foreignpolicy,0.423130073403175
path_day_120_economy,0.183887813822506
path_day_120_crime,0.108778056903583
path_day_120_horserace,0.284204055870736
