group,prob
path_day_9_foreignpolicy,0.101174732388678
path_day_9_economy,0.252567752776415
path_day_9_crime,0.293827156400021
path_day_9_horserace,0.352430358434885
