group,prob
path_day_153_foreignpolicy,0.139436437292689
path_day_153_economy,0.326494624418674
path_day_153_crime,0.2734509163052
path_day_153_horserace,0.260618021983438
