group,prob
path_day_91_foreignpolicy,0.253854462569687
path_day_91_economy,0.125002923144019
path_day_91_crime,0.145156843112994
path_day_91_horserace,0.475985771173301
