group,prob
path_day_171_foreignpolicy,0.11374282586062
path_day_171_economy,0.23856946513629
path_day_171_crime,0.400094278311962
path_day_171_horserace,0.247593430691129
