group,prob
path_day_87_foreignpolicy,0.0655509689219159
path_day_87_economy,0.201613467230311
path_day_87_crime,0.0740069332280616
path_day_87_horserace,0.658828630619711
