group,prob
path_day_123_foreignpolicy,0.297908186076658
path_day_123_economy,0.236450501279597
path_day_123_crime,0.220344538872186
path_day_123_horserace,0.245296773771559
