group,prob
path_day_145_foreignpolicy,0.139705101407017
path_day_145_economy,0.279475709740497
path_day_145_crime,0.364888905795259
path_day_145_horserace,0.215930283057227
