group,prob
path_day_22_foreignpolicy,0.169314988731036
path_day_22_economy,0.297263972568901
path_day_22_crime,0.279475134199369
path_day_22_horserace,0.253945904500695
