group,prob
path_day_52_foreignpolicy,0.0923187164510737
path_day_52_economy,0.250639076735845
path_day_52_crime,0.178412230072668
path_day_52_horserace,0.478629976740414
