group,prob
path_day_136_foreignpolicy,0.156528299634824
path_day_136_economy,0.357512006810623
path_day_136_crime,0.207257537240339
path_day_136_horserace,0.278702156314214
