group,prob
path_day_47_foreignpolicy,0.0363157296254809
path_day_47_economy,0.225100816364565
path_day_47_crime,0.196953496321963
path_day_47_horserace,0.541629957687991
