group,prob
path_day_3_foreignpolicy,0.143051068045526
path_day_3_economy,0.256023586967008
path_day_3_crime,0.169188250842329
path_day_3_horserace,0.431737094145137
