group,prob
path_day_6_foreignpolicy,0.103615144109933
path_day_6_economy,0.248563021256175
path_day_6_crime,0.32048472849824
path_day_6_horserace,0.327337106135653
