group,prob
path_day_107_foreignpolicy,0.148333364102
path_day_107_economy,0.132777449234916
path_day_107_crime,0.123873541245481
path_day_107_horserace,0.595015645417602
