group,prob
path_day_148_foreignpolicy,0.0964226972125993
path_day_148_economy,0.517879566227712
path_day_148_crime,0.220404384176533
path_day_148_horserace,0.165293352383155
