group,prob
path_day_14_foreignpolicy,0.0736311145556104
path_day_14_economy,0.20620109698763
path_day_14_crime,0.452234083634484
path_day_14_horserace,0.267933704822275
