group,prob
main_channel_cnn,0.183132767443927
main_channel_fnc,0.51841205000305
main_channel_msnbc,0.298455182553023
