group,prob
path_day_83_foreignpolicy,0.242055770768226
path_day_83_economy,0.130809443982097
path_day_83_crime,0.157126711052739
path_day_83_horserace,0.470008074196938
