group,prob
path_day_35_foreignpolicy,0.106084410282119
path_day_35_economy,0.120670907524667
path_day_35_crime,0.606717140793531
path_day_35_horserace,0.166527541399684
