group,prob
path_day_12_foreignpolicy,0.166825549878632
path_day_12_economy,0.218566211602708
path_day_12_crime,0.279401251330596
path_day_12_horserace,0.335206987188064
