group,prob
path_day_34_foreignpolicy,0.177695943247838
path_day_34_economy,0.251349423126881
path_day_34_crime,0.240418727398747
path_day_34_horserace,0.330535906226534
