group,prob
path_day_8_foreignpolicy,0.105737121046413
path_day_8_economy,0.306820411510388
path_day_8_crime,0.2532970291082
path_day_8_horserace,0.334145438334999
