group,prob
path_day_134_foreignpolicy,0.126076839422131
path_day_134_economy,0.403267056805906
path_day_134_crime,0.187280138353208
path_day_134_horserace,0.283375965418756
