group,prob
path_day_125_foreignpolicy,0.219984412742618
path_day_125_economy,0.377388879355613
path_day_125_crime,0.142392896010849
path_day_125_horserace,0.26023381189092
