group,prob
path_day_32_foreignpolicy,0.108106815423734
path_day_32_economy,0.318052126630744
path_day_32_crime,0.17602469969862
path_day_32_horserace,0.397816358246901
