group,prob
path_day_54_foreignpolicy,0.0926891655206754
path_day_54_economy,0.119259776934309
path_day_54_crime,0.155683846512519
path_day_54_horserace,0.632367211032497
