group,prob
path_day_20_foreignpolicy,0.0582467266150365
path_day_20_economy,0.373843064683429
path_day_20_crime,0.290662433101989
path_day_20_horserace,0.277247775599546
