group,prob
path_day_62_foreignpolicy,0.0137325461623676
path_day_62_economy,0.182489490746576
path_day_62_crime,0.197579232251712
path_day_62_horserace,0.606198730839345
