group,prob
path_day_101_foreignpolicy,0.193107225065721
path_day_101_economy,0.108015396804146
path_day_101_crime,0.107708616364128
path_day_101_horserace,0.591168761766005
