group,prob
path_day_82_foreignpolicy,0.259571009662476
path_day_82_economy,0.148460278266514
path_day_82_crime,0.0922136863168852
path_day_82_horserace,0.499755025754125
