group,prob
path_day_51_foreignpolicy,0.0938465302794317
path_day_51_economy,0.24845318368226
path_day_51_crime,0.146355946461852
path_day_51_horserace,0.511344339576456
