group,prob
path_day_126_foreignpolicy,0.183076648926202
path_day_126_economy,0.394784508940672
path_day_126_crime,0.150000375696492
path_day_126_horserace,0.272138466436634
