group,prob
path_day_115_foreignpolicy,0.291652028466713
path_day_115_economy,0.176897162438102
path_day_115_crime,0.245669286643218
path_day_115_horserace,0.285781522451967
