group,prob
path_day_117_foreignpolicy,0.389671420350278
path_day_117_economy,0.177730790134982
path_day_117_crime,0.105605831833456
path_day_117_horserace,0.326991957681285
