group,prob
path_day_146_foreignpolicy,0.116388812162928
path_day_146_economy,0.359392216658016
path_day_146_crime,0.282430126423077
path_day_146_horserace,0.241788844755979
