group,prob
path_day_17_foreignpolicy,0.11849472513235
path_day_17_economy,0.197513047065412
path_day_17_crime,0.320357655871038
path_day_17_horserace,0.3636345719312
