group,prob
path_day_135_foreignpolicy,0.132007745677872
path_day_135_economy,0.343101196912371
path_day_135_crime,0.323819187028613
path_day_135_horserace,0.201071870381144
