group,prob
path_day_16_foreignpolicy,0.0847739708269743
path_day_16_economy,0.214076665289615
path_day_16_crime,0.429363431766117
path_day_16_horserace,0.271785932117293
