group,prob
path_day_133_foreignpolicy,0.115370207319744
path_day_133_economy,0.350489453047603
path_day_133_crime,0.323581351101996
path_day_133_horserace,0.210558988530657
