group,prob
path_day_141_foreignpolicy,0.178005948703818
path_day_141_economy,0.237997730831259
path_day_141_crime,0.433213811146795
path_day_141_horserace,0.150782509318127
