group,prob
path_day_98_foreignpolicy,0.197601709997624
path_day_98_economy,0.168960589962019
path_day_98_crime,0.137702958575628
path_day_98_horserace,0.495734741464729
