group,prob
path_day_58_foreignpolicy,0.083134625941501
path_day_58_economy,0.184358043874116
path_day_58_crime,0.200689339706036
path_day_58_horserace,0.531817990478347
