group,prob
path_day_92_foreignpolicy,0.127600298004064
path_day_92_economy,0.137556726075366
path_day_92_crime,0.0834539312036409
path_day_92_horserace,0.65138904471693
