group,prob
path_day_13_foreignpolicy,0.0923332920233149
path_day_13_economy,0.161703919331627
path_day_13_crime,0.45866768720601
path_day_13_horserace,0.287295101439049
