group,prob
path_day_43_foreignpolicy,0.0872376731271292
path_day_43_economy,0.391015398449829
path_day_43_crime,0.221212445491176
path_day_43_horserace,0.300534482931866
