group,prob
path_day_163_foreignpolicy,0.105057266072312
path_day_163_economy,0.222249193820422
path_day_163_crime,0.464945395763455
path_day_163_horserace,0.20774814434381
