group,prob
path_day_161_foreignpolicy,0.125503425664794
path_day_161_economy,0.193689005133716
path_day_161_crime,0.481173394616547
path_day_161_horserace,0.199634174584943
