group,prob
path_day_29_foreignpolicy,0.0996028228107887
path_day_29_economy,0.250234505332043
path_day_29_crime,0.26949516736564
path_day_29_horserace,0.380667504491529
