group,prob
path_day_26_foreignpolicy,0.0652826140049852
path_day_26_economy,0.421237492313619
path_day_26_crime,0.212115398195252
path_day_26_horserace,0.301364495486145
