group,prob
path_day_97_foreignpolicy,0.112190623316976
path_day_97_economy,0.128502365255437
path_day_97_crime,0.107804574820212
path_day_97_horserace,0.651502436607374
