group,prob
path_day_64_foreignpolicy,0.0437945533775719
path_day_64_economy,0.176192724203509
path_day_64_crime,0.160289716455483
path_day_64_horserace,0.619723005963437
