group,prob
path_day_94_foreignpolicy,0.154218211236516
path_day_94_economy,0.129147737875715
path_day_94_crime,0.0964247042747942
path_day_94_horserace,0.620209346612975
