group,prob
path_day_129_foreignpolicy,0.117094035225038
path_day_129_economy,0.367311512165963
path_day_129_crime,0.263258894995177
path_day_129_horserace,0.252335557613822
