group,prob
path_day_158_foreignpolicy,0.150267023098112
path_day_158_economy,0.15286323768836
path_day_158_crime,0.501999239986924
path_day_158_horserace,0.194870499226604
