group,prob
path_day_76_foreignpolicy,0.154177387327388
path_day_76_economy,0.206132842447958
path_day_76_crime,0.147784181519402
path_day_76_horserace,0.491905588705253
