group,prob
path_day_130_foreignpolicy,0.158600800515594
path_day_130_economy,0.346014199590567
path_day_130_crime,0.226333714822657
path_day_130_horserace,0.269051285071182
