group,prob
path_day_71_foreignpolicy,0.582573466082908
path_day_71_economy,0.0728923198034588
path_day_71_crime,0.0616409870462808
path_day_71_horserace,0.282893227067353
