group,prob
path_day_79_foreignpolicy,0.197240322277604
path_day_79_economy,0.203054471744194
path_day_79_crime,0.124200154212568
path_day_79_horserace,0.475505051765635
