group,prob
main_consumer_vote,0.333333333333333
main_consumer_slant,0.333333333333333
main_consumer_zero,0.333333333333333
