group,prob
path_day_112_foreignpolicy,0.11784637970984
path_day_112_economy,0.245612161367539
path_day_112_crime,0.0785286360857076
path_day_112_horserace,0.558012822836913
