group,prob
path_day_96_foreignpolicy,0.158922667951848
path_day_96_economy,0.151601717540345
path_day_96_crime,0.0786319382295859
path_day_96_horserace,0.610843676278222
