group,prob
path_day_114_foreignpolicy,0.271998995249248
path_day_114_economy,0.218436979012964
path_day_114_crime,0.200026232457737
path_day_114_horserace,0.309537793280051
