group,prob
path_day_57_foreignpolicy,0.0582912478956048
path_day_57_economy,0.218098270921403
path_day_57_crime,0.170716539264532
path_day_57_horserace,0.55289394191846
