group,prob
path_day_108_foreignpolicy,0.162801902576474
path_day_108_economy,0.156558980885269
path_day_108_crime,0.0588454110435348
path_day_108_horserace,0.621793705494723
