group,prob
path_day_60_foreignpolicy,0.0181842362951038
path_day_60_economy,0.183675521970974
path_day_60_crime,0.06667337764079
path_day_60_horserace,0.731466864093132
