group,prob
path_day_103_foreignpolicy,0.188458065152188
path_day_103_economy,0.140235133062251
path_day_103_crime,0.132477148107909
path_day_103_horserace,0.538829653677653
