group,prob
path_day_85_foreignpolicy,0.121089532422619
path_day_85_economy,0.159849653655183
path_day_85_crime,0.15060946956183
path_day_85_horserace,0.568451344360369
