group,prob
path_day_128_foreignpolicy,0.135439268590293
path_day_128_economy,0.468670614970919
path_day_128_crime,0.160999009118822
path_day_128_horserace,0.234891107319966
