group,prob
path_day_25_foreignpolicy,0.0784693765083443
path_day_25_economy,0.3446127117714
path_day_25_crime,0.237838960772506
path_day_25_horserace,0.33907895094775
