group,prob
path_day_156_foreignpolicy,0.165987471384773
path_day_156_economy,0.209196951978121
path_day_156_crime,0.366093435147285
path_day_156_horserace,0.258722141489821
