group,prob
path_day_68_foreignpolicy,0.0992477890945241
path_day_68_economy,0.234568786994025
path_day_68_crime,0.132736597591758
path_day_68_horserace,0.533446826319693
