group,prob
path_day_61_foreignpolicy,0.0724783996535258
path_day_61_economy,0.231559447471301
path_day_61_crime,0.0686668386382901
path_day_61_horserace,0.627295314236883
