group,prob
path_day_74_foreignpolicy,0.252548665998492
path_day_74_economy,0.166382178457373
path_day_74_crime,0.123850009793078
path_day_74_horserace,0.457219145751057
