group,prob
path_day_39_foreignpolicy,0.123556210766664
path_day_39_economy,0.253737555228963
path_day_39_crime,0.223861958307569
path_day_39_horserace,0.398844275696804
