group,prob
path_day_89_foreignpolicy,0.188268480590946
path_day_89_economy,0.13170019187097
path_day_89_crime,0.108835067130967
path_day_89_horserace,0.571196260407117
