group,prob
path_day_132_foreignpolicy,0.105788083443725
path_day_132_economy,0.437120065472172
path_day_132_crime,0.194168040215067
path_day_132_horserace,0.262923810869036
