group,prob
path_day_78_foreignpolicy,0.25607381944812
path_day_78_economy,0.208946898898908
path_day_78_crime,0.111946062809114
path_day_78_horserace,0.423033218843859
