group,prob
path_day_73_foreignpolicy,0.501076213481966
path_day_73_economy,0.125409894340007
path_day_73_crime,0.0997037036106987
path_day_73_horserace,0.273810188567328
