group,prob
path_day_23_foreignpolicy,0.182411707968815
path_day_23_economy,0.299144886488388
path_day_23_crime,0.252649349908632
path_day_23_horserace,0.265794055634165
