group,prob
path_day_172_foreignpolicy,0.228455508220707
path_day_172_economy,0.161914436628416
path_day_172_crime,0.370369170559861
path_day_172_horserace,0.239260884591016
