group,prob
path_day_111_foreignpolicy,0.03921778115511
path_day_111_economy,0.252196773928568
path_day_111_crime,0.0602431197013814
path_day_111_horserace,0.648342325214941
