group,prob
path_day_18_foreignpolicy,0.0585961110091121
path_day_18_economy,0.297912040888249
path_day_18_crime,0.316772975394113
path_day_18_horserace,0.326718872708526
