group,prob
path_day_157_foreignpolicy,0.110580372627889
path_day_157_economy,0.215642116146908
path_day_157_crime,0.465293583584412
path_day_157_horserace,0.208483927640791
