group,prob
path_day_154_foreignpolicy,0.250270726901412
path_day_154_economy,0.23733118232212
path_day_154_crime,0.302698976440136
path_day_154_horserace,0.209699114336332
