group,prob
path_day_110_foreignpolicy,0.00583918717311638
path_day_110_economy,0.0373683641509826
path_day_110_crime,0.0139233291206661
path_day_110_horserace,0.942869119555235
