group,prob
path_day_105_foreignpolicy,0.122435999047355
path_day_105_economy,0.145698476941303
path_day_105_crime,0.102565027188629
path_day_105_horserace,0.629300496822713
