group,prob
path_day_168_foreignpolicy,0.0947883750463674
path_day_168_economy,0.249914553830548
path_day_168_crime,0.273378709385193
path_day_168_horserace,0.381918361737891
