group,prob
path_day_40_foreignpolicy,0.184764684788216
path_day_40_economy,0.155230773230437
path_day_40_crime,0.175283519102161
path_day_40_horserace,0.484721022879186
