group,prob
path_day_162_foreignpolicy,0.136640888935091
path_day_162_economy,0.127619358057094
path_day_162_crime,0.524247315548772
path_day_162_horserace,0.211492437459043
