group,prob
path_day_149_foreignpolicy,0.0979008580452149
path_day_149_economy,0.46458287095413
path_day_149_crime,0.254284973984214
path_day_149_horserace,0.183231297016441
