group,prob
path_day_75_foreignpolicy,0.158064120743705
path_day_75_economy,0.23637594773113
path_day_75_crime,0.150503064019141
path_day_75_horserace,0.455056867506024
