group,prob
path_day_116_foreignpolicy,0.323015445848876
path_day_116_economy,0.193039472497368
path_day_116_crime,0.160450708121768
path_day_116_horserace,0.323494373531988
