group,prob
path_day_66_foreignpolicy,0.0503953040005445
path_day_66_economy,0.233709429410056
path_day_66_crime,0.183675292754973
path_day_66_horserace,0.532219973834426
