group,prob
path_day_7_foreignpolicy,0.139636438407078
path_day_7_economy,0.279223291878063
path_day_7_crime,0.307268220573447
path_day_7_horserace,0.273872049141412
