group,prob
path_day_37_foreignpolicy,0.125331039031646
path_day_37_economy,0.240591524997679
path_day_37_crime,0.303210783730984
path_day_37_horserace,0.33086665223969
