group,prob
path_day_160_foreignpolicy,0.111228807534435
path_day_160_economy,0.256467899079333
path_day_160_crime,0.424745536252056
path_day_160_horserace,0.207557757134176
