group,prob
path_day_38_foreignpolicy,0.163543152774024
path_day_38_economy,0.210926262551004
path_day_38_crime,0.30040937684535
path_day_38_horserace,0.325121207829621
