group,prob
path_day_84_foreignpolicy,0.155525060672854
path_day_84_economy,0.146631844249615
path_day_84_crime,0.120043116947278
path_day_84_horserace,0.577799978130253
