group,prob
path_day_80_foreignpolicy,0.250077156190886
path_day_80_economy,0.155933796780651
path_day_80_crime,0.0889655455095835
path_day_80_horserace,0.505023501518879
