group,prob
path_day_45_foreignpolicy,0.0901081190755309
path_day_45_economy,0.233868987747995
path_day_45_crime,0.226048744336641
path_day_45_horserace,0.449974148839834
