group,prob
path_day_48_foreignpolicy,0.111957406067365
path_day_48_economy,0.20326957316315
path_day_48_crime,0.151432169822177
path_day_48_horserace,0.533340850947308
