group,prob
path_day_121_foreignpolicy,0.376882013291976
path_day_121_economy,0.263871244413024
path_day_121_crime,0.117835714567299
path_day_121_horserace,0.241411027727701
