group,prob
path_day_21_foreignpolicy,0.0570285686718414
path_day_21_economy,0.323297005957414
path_day_21_crime,0.293326351555922
path_day_21_horserace,0.326348073814823
