group,prob
path_day_81_foreignpolicy,0.161717046258757
path_day_81_economy,0.16435911428063
path_day_81_crime,0.0789092233772216
path_day_81_horserace,0.595014616083391
