group,prob
path_day_56_foreignpolicy,0.0767853586230787
path_day_56_economy,0.238125996654611
path_day_56_crime,0.151989403957159
path_day_56_horserace,0.533099240765151
