group,prob
path_day_77_foreignpolicy,0.206299232043231
path_day_77_economy,0.163639470882143
path_day_77_crime,0.172808492888971
path_day_77_horserace,0.457252804185655
