group,prob
path_day_102_foreignpolicy,0.130084508283305
path_day_102_economy,0.101855735732931
path_day_102_crime,0.0916934205864479
path_day_102_horserace,0.676366335397316
