group,prob
path_day_137_foreignpolicy,0.240064358375297
path_day_137_economy,0.249533868551795
path_day_137_crime,0.244011867349154
path_day_137_horserace,0.266389905723754
