group,prob
path_day_106_foreignpolicy,0.147896127993002
path_day_106_economy,0.144710295909218
path_day_106_crime,0.0739329240461885
path_day_106_horserace,0.633460652051592
