group,prob
path_day_166_foreignpolicy,0.335335756249993
path_day_166_economy,0.164753269480517
path_day_166_crime,0.200312820243507
path_day_166_horserace,0.299598154025983
