group,prob
path_day_144_foreignpolicy,0.10310956099765
path_day_144_economy,0.264779007920052
path_day_144_crime,0.432468790015542
path_day_144_horserace,0.199642641066757
