group,prob
path_day_46_foreignpolicy,0.0574843820976029
path_day_46_economy,0.233150178709873
path_day_46_crime,0.146179377465494
path_day_46_horserace,0.56318606172703
