group,prob
path_day_165_foreignpolicy,0.129391343500957
path_day_165_economy,0.226097519405186
path_day_165_crime,0.294402566156456
path_day_165_horserace,0.350108570937401
