group,prob
path_day_95_foreignpolicy,0.0558119892427126
path_day_95_economy,0.0913139567392245
path_day_95_crime,0.0580349437364918
path_day_95_horserace,0.794839110281571
