group,prob
path_day_139_foreignpolicy,0.0480318029782958
path_day_139_economy,0.126054309135027
path_day_139_crime,0.724403207720495
path_day_139_horserace,0.101510680166182
