group,prob
path_day_86_foreignpolicy,0.0342636011566232
path_day_86_economy,0.0863739487399943
path_day_86_crime,0.0605036894396053
path_day_86_horserace,0.818858760663777
