group,prob
path_day_119_foreignpolicy,0.447123997311966
path_day_119_economy,0.199423388063357
path_day_119_crime,0.0918200457938424
path_day_119_horserace,0.261632568830835
