group,prob
path_day_72_foreignpolicy,0.471763046279835
path_day_72_economy,0.118484712466544
path_day_72_crime,0.0979541992035543
path_day_72_horserace,0.311798042050067
