group,prob
path_day_5_foreignpolicy,0.141949078093455
path_day_5_economy,0.346654907185294
path_day_5_crime,0.198437741249536
path_day_5_horserace,0.312958273471715
