group,prob
path_day_1_foreignpolicy,0.0464221772933332
path_day_1_economy,0.252234647237961
path_day_1_crime,0.187493959516815
path_day_1_horserace,0.513849215951892
