group,prob
path_day_99_foreignpolicy,0.112039489552541
path_day_99_economy,0.0310510762492718
path_day_99_crime,0.0549241450579067
path_day_99_horserace,0.801985289140281
