group,prob
path_day_63_foreignpolicy,0.0497872459246713
path_day_63_economy,0.164345253735711
path_day_63_crime,0.120871435550517
path_day_63_horserace,0.664996064789101
