group,prob
path_day_67_foreignpolicy,0.0611045585140928
path_day_67_economy,0.208206806359758
path_day_67_crime,0.246216244247752
path_day_67_horserace,0.484472390878397
