group,prob
path_day_33_foreignpolicy,0.160599668408416
path_day_33_economy,0.252773540312241
path_day_33_crime,0.211976460776879
path_day_33_horserace,0.374650330502463
