group,prob
path_day_4_foreignpolicy,0.141245216009619
path_day_4_economy,0.255953966489055
path_day_4_crime,0.244149553176932
path_day_4_horserace,0.358651264324395
