group,prob
path_day_170_foreignpolicy,0.146619021688707
path_day_170_economy,0.27215367907704
path_day_170_crime,0.247766210041982
path_day_170_horserace,0.333461089192271
