group,prob
path_day_2_foreignpolicy,0.0651958545063323
path_day_2_economy,0.240129129501044
path_day_2_crime,0.103141201842823
path_day_2_horserace,0.5915338141498
