group,prob
path_day_152_foreignpolicy,0.109361891295507
path_day_152_economy,0.365323551202953
path_day_152_crime,0.32359381529506
path_day_152_horserace,0.20172074220648
