group,prob
path_day_15_foreignpolicy,0.0875901046853359
path_day_15_economy,0.198304169505626
path_day_15_crime,0.421838703899433
path_day_15_horserace,0.292267021909605
