group,prob
path_day_100_foreignpolicy,0.180256821984794
path_day_100_economy,0.128952141942351
path_day_100_crime,0.0561948572826766
path_day_100_horserace,0.634596178790178
