group,prob
path_day_11_foreignpolicy,0.0976823577173493
path_day_11_economy,0.204283557974833
path_day_11_crime,0.310315180675506
path_day_11_horserace,0.387718903632312
