group,prob
path_day_42_foreignpolicy,0.144238289686462
path_day_42_economy,0.310094103135031
path_day_42_crime,0.198983084536275
path_day_42_horserace,0.346684522642231
