group,prob
path_day_113_foreignpolicy,0.286016052468638
path_day_113_economy,0.257283152643475
path_day_113_crime,0.147208988647643
path_day_113_horserace,0.309491806240244
