group,prob
path_day_88_foreignpolicy,0.078860009625128
path_day_88_economy,0.278590113792635
path_day_88_crime,0.122781481251581
path_day_88_horserace,0.519768395330656
