group,prob
path_day_24_foreignpolicy,0.0954544954740403
path_day_24_economy,0.274919752818088
path_day_24_crime,0.248793331075719
path_day_24_horserace,0.380832420632153
