group,prob
path_day_10_foreignpolicy,0.140077578255162
path_day_10_economy,0.188868847201153
path_day_10_crime,0.345259002101619
path_day_10_horserace,0.325794572442067
