group,prob
path_day_30_foreignpolicy,0.083891040459658
path_day_30_economy,0.255004587933922
path_day_30_crime,0.183819945273047
path_day_30_horserace,0.477284426333374
