group,prob
path_day_93_foreignpolicy,0.146295601209674
path_day_93_economy,0.166928620208129
path_day_93_crime,0.10815839490215
path_day_93_horserace,0.578617383680048
