group,prob
path_day_151_foreignpolicy,0.0765354335201863
path_day_151_economy,0.49976396326181
path_day_151_crime,0.218564359228448
path_day_151_horserace,0.205136243989556
