group,prob
path_day_90_foreignpolicy,0.113123914763386
path_day_90_economy,0.188885770046973
path_day_90_crime,0.172627747190029
path_day_90_horserace,0.525362567999612
