group,prob
path_day_147_foreignpolicy,0.1079762128956
path_day_147_economy,0.439768387412115
path_day_147_crime,0.285617396739055
path_day_147_horserace,0.16663800295323
