group,prob
path_day_167_foreignpolicy,0.204294967504735
path_day_167_economy,0.179731114020705
path_day_167_crime,0.35261403257425
path_day_167_horserace,0.26335988590031
