group,prob
path_day_150_foreignpolicy,0.0745370776508707
path_day_150_economy,0.535485133368381
path_day_150_crime,0.161135832917704
path_day_150_horserace,0.228841956063044
