group,prob
path_day_122_foreignpolicy,0.157437683714865
path_day_122_economy,0.40734516952969
path_day_122_crime,0.264006674097687
path_day_122_horserace,0.171210472657758
