group,prob
path_day_155_foreignpolicy,0.182555503380772
path_day_155_economy,0.25019611401702
path_day_155_crime,0.399123680892847
path_day_155_horserace,0.168124701709361
