group,prob
path_day_159_foreignpolicy,0.0838466235948454
path_day_159_economy,0.280084673250093
path_day_159_crime,0.377024470184208
path_day_159_horserace,0.259044232970854
