group,prob
path_day_69_foreignpolicy,0.109072184902613
path_day_69_economy,0.25826325642992
path_day_69_crime,0.148699970624376
path_day_69_horserace,0.483964588043091
