group,prob
path_day_59_foreignpolicy,0.0302204402602487
path_day_59_economy,0.128059699644389
path_day_59_crime,0.122282778300786
path_day_59_horserace,0.719437081794577
