group,prob
path_day_124_foreignpolicy,0.18438339990744
path_day_124_economy,0.376328710582542
path_day_124_crime,0.143324148519172
path_day_124_horserace,0.295963740990847
